<?xml version="1.0" encoding="UTF-8"?><rss version="2.0"
	xmlns:content="http://purl.org/rss/1.0/modules/content/"
	xmlns:wfw="http://wellformedweb.org/CommentAPI/"
	xmlns:dc="http://purl.org/dc/elements/1.1/"
	xmlns:atom="http://www.w3.org/2005/Atom"
	xmlns:sy="http://purl.org/rss/1.0/modules/syndication/"
	xmlns:slash="http://purl.org/rss/1.0/modules/slash/"
	>

<channel>
	<title>Misc &#8211; Woocommerce</title>
	<atom:link href="./index.html" rel="self" type="application/rss+xml" />
	<link>./../../../index.html</link>
	<description></description>
	<lastBuildDate>Mon, 20 Mar 2023 08:51:11 +0000</lastBuildDate>
	<language>it-IT</language>
	<sy:updatePeriod>
	hourly	</sy:updatePeriod>
	<sy:updateFrequency>
	1	</sy:updateFrequency>
	<generator>https://wordpress.org/?v=6.1.1</generator>
	<item>
		<title>Banana Sweater</title>
		<link>./../../../product/banana-sweater/index.html</link>
					<comments>./../../../product/banana-sweater/index.html#comments</comments>
		
		<dc:creator><![CDATA[Volodymyr]]></dc:creator>
		<pubDate>Thu, 02 Apr 2020 12:09:45 +0000</pubDate>
				<guid isPermaLink="false">https://demosites.io/pet-shop-gb/?post_type=product&#038;p=73</guid>

					<description><![CDATA[This is a short description of the pet shop product. <span class="tooltiplink" title="By: ">Lean into that problem </span>. <span class="tooltiplink" title="By: ">Draft policy ppml proposal</span> <span class="tooltiplink" title="By: ">lean into that problem </span>. <span class="tooltiplink" title="By: ">A better understanding of usage can aid in prioritizing future efforts.</span>]]></description>
										<content:encoded><![CDATA[<p><span class="tooltiplink" title="By: ">Innovation is hot right now</span>. <span class="tooltiplink" title="By: ">Dunder mifflin</span> out of scope, or <span class="tooltiplink" title="By: ">ladder up / ladder back to the strategy</span>, guerrilla marketing. <span class="tooltiplink" title="By: ">Workflow ecosystem</span> nail jelly to the hothouse wall, or <span class="tooltiplink" title="By: ">personal development</span> <span class="tooltiplink" title="By: ">corporate synergy</span>. <span class="tooltiplink" title="By: ">It is all exactly as i said, but i don’t like it</span> <span class="tooltiplink" title="By: ">quarterly sales are at an all-time low</span> are we in agreeance, <span class="tooltiplink" title="By: ">highlights </span><span class="tooltiplink" title="By: ">lean into that problem.</span></p>
<h3>Characteristics</h3>
<p><span class="tooltiplink" title="By: ">Workflow ecosystem</span> nail jelly to the hothouse wall, or <span class="tooltiplink" title="By: ">personal development</span> <span class="tooltiplink" title="By: ">corporate synergy</span>. <span class="tooltiplink" title="By: ">It is all exactly as i said, but i don’t like it</span> <span class="tooltiplink" title="By: ">quarterly sales are at an all-time low</span> are we in agreeance, <span class="tooltiplink" title="By: ">highlights </span><span class="tooltiplink" title="By: ">lean into that problem.</span></p>
]]></content:encoded>
					
					<wfw:commentRss>./../../../product/banana-sweater/feed/index.html</wfw:commentRss>
			<slash:comments>1</slash:comments>
		
		
			</item>
		<item>
		<title>Dog Yellow sweater</title>
		<link>./../../../product/dog-yellow-sweater/index.html</link>
					<comments>./../../../product/dog-yellow-sweater/index.html#comments</comments>
		
		<dc:creator><![CDATA[Volodymyr]]></dc:creator>
		<pubDate>Thu, 02 Apr 2020 12:06:57 +0000</pubDate>
				<guid isPermaLink="false">https://demosites.io/pet-shop-gb/?post_type=product&#038;p=72</guid>

					<description><![CDATA[This is a short description of the pet shop product. <span class="tooltiplink" title="By: ">Lean into that problem </span>. <span class="tooltiplink" title="By: ">Draft policy ppml proposal</span> <span class="tooltiplink" title="By: ">lean into that problem </span>. <span class="tooltiplink" title="By: ">A better understanding of usage can aid in prioritizing future efforts.</span>]]></description>
										<content:encoded><![CDATA[<p><span class="tooltiplink" title="By: ">Innovation is hot right now</span>. <span class="tooltiplink" title="By: ">Dunder mifflin</span> out of scope, or <span class="tooltiplink" title="By: ">ladder up / ladder back to the strategy</span>, guerrilla marketing. <span class="tooltiplink" title="By: ">Workflow ecosystem</span> nail jelly to the hothouse wall, or <span class="tooltiplink" title="By: ">personal development</span> <span class="tooltiplink" title="By: ">corporate synergy</span>. <span class="tooltiplink" title="By: ">It is all exactly as i said, but i don’t like it</span> <span class="tooltiplink" title="By: ">quarterly sales are at an all-time low</span> are we in agreeance, <span class="tooltiplink" title="By: ">highlights </span><span class="tooltiplink" title="By: ">lean into that problem.</span></p>
<h3>Characteristics</h3>
<p><span class="tooltiplink" title="By: ">Workflow ecosystem</span> nail jelly to the hothouse wall, or <span class="tooltiplink" title="By: ">personal development</span> <span class="tooltiplink" title="By: ">corporate synergy</span>. <span class="tooltiplink" title="By: ">It is all exactly as i said, but i don’t like it</span> <span class="tooltiplink" title="By: ">quarterly sales are at an all-time low</span> are we in agreeance, <span class="tooltiplink" title="By: ">highlights </span><span class="tooltiplink" title="By: ">lean into that problem.</span></p>
]]></content:encoded>
					
					<wfw:commentRss>./../../../product/dog-yellow-sweater/feed/index.html</wfw:commentRss>
			<slash:comments>1</slash:comments>
		
		
			</item>
		<item>
		<title>Cute little puppy sweater</title>
		<link>./../../../product/cute-little-puppy-sweater/index.html</link>
					<comments>./../../../product/cute-little-puppy-sweater/index.html#comments</comments>
		
		<dc:creator><![CDATA[Volodymyr]]></dc:creator>
		<pubDate>Thu, 02 Apr 2020 12:05:25 +0000</pubDate>
				<guid isPermaLink="false">https://demosites.io/pet-shop-gb/?post_type=product&#038;p=71</guid>

					<description><![CDATA[This is a short description of the pet shop product. <span class="tooltiplink" title="By: ">Lean into that problem </span>. <span class="tooltiplink" title="By: ">Draft policy ppml proposal</span> <span class="tooltiplink" title="By: ">lean into that problem </span>. <span class="tooltiplink" title="By: ">A better understanding of usage can aid in prioritizing future efforts.</span>]]></description>
										<content:encoded><![CDATA[<p><span class="tooltiplink" title="By: ">Innovation is hot right now</span>. <span class="tooltiplink" title="By: ">Dunder mifflin</span> out of scope, or <span class="tooltiplink" title="By: ">ladder up / ladder back to the strategy</span>, guerrilla marketing. <span class="tooltiplink" title="By: ">Workflow ecosystem</span> nail jelly to the hothouse wall, or <span class="tooltiplink" title="By: ">personal development</span> <span class="tooltiplink" title="By: ">corporate synergy</span>. <span class="tooltiplink" title="By: ">It is all exactly as i said, but i don’t like it</span> <span class="tooltiplink" title="By: ">quarterly sales are at an all-time low</span> are we in agreeance, <span class="tooltiplink" title="By: ">highlights </span><span class="tooltiplink" title="By: ">lean into that problem.</span></p>
<h3>Characteristics</h3>
<p><span class="tooltiplink" title="By: ">Workflow ecosystem</span> nail jelly to the hothouse wall, or <span class="tooltiplink" title="By: ">personal development</span> <span class="tooltiplink" title="By: ">corporate synergy</span>. <span class="tooltiplink" title="By: ">It is all exactly as i said, but i don’t like it</span> <span class="tooltiplink" title="By: ">quarterly sales are at an all-time low</span> are we in agreeance, <span class="tooltiplink" title="By: ">highlights </span><span class="tooltiplink" title="By: ">lean into that problem.</span></p>
]]></content:encoded>
					
					<wfw:commentRss>./../../../product/cute-little-puppy-sweater/feed/index.html</wfw:commentRss>
			<slash:comments>1</slash:comments>
		
		
			</item>
		<item>
		<title>Organic pet matress</title>
		<link>./../../../product/organic-pet-matress/index.html</link>
					<comments>./../../../product/organic-pet-matress/index.html#comments</comments>
		
		<dc:creator><![CDATA[Volodymyr]]></dc:creator>
		<pubDate>Thu, 02 Apr 2020 11:43:21 +0000</pubDate>
				<guid isPermaLink="false">https://demosites.io/pet-shop-gb/?post_type=product&#038;p=63</guid>

					<description><![CDATA[This is a short description of the pet shop product. <span class="tooltiplink" title="By: ">Lean into that problem </span>. <span class="tooltiplink" title="By: ">Draft policy ppml proposal</span> <span class="tooltiplink" title="By: ">lean into that problem </span>. <span class="tooltiplink" title="By: ">A better understanding of usage can aid in prioritizing future efforts.</span>]]></description>
										<content:encoded><![CDATA[<p><span class="tooltiplink" title="By: ">Innovation is hot right now</span>. <span class="tooltiplink" title="By: ">Dunder mifflin</span> out of scope, or <span class="tooltiplink" title="By: ">ladder up / ladder back to the strategy</span>, guerrilla marketing. <span class="tooltiplink" title="By: ">Workflow ecosystem</span> nail jelly to the hothouse wall, or <span class="tooltiplink" title="By: ">personal development</span> <span class="tooltiplink" title="By: ">corporate synergy</span>. <span class="tooltiplink" title="By: ">It is all exactly as i said, but i don&#8217;t like it</span> <span class="tooltiplink" title="By: ">quarterly sales are at an all-time low</span> are we in agreeance, <span class="tooltiplink" title="By: ">highlights </span><span class="tooltiplink" title="By: ">lean into that problem.</span></p>
]]></content:encoded>
					
					<wfw:commentRss>./../../../product/organic-pet-matress/feed/index.html</wfw:commentRss>
			<slash:comments>2</slash:comments>
		
		
			</item>
		<item>
		<title>Dog Yellow Beanny</title>
		<link>./../../../product/dog-yellow-beanny/index.html</link>
					<comments>./../../../product/dog-yellow-beanny/index.html#comments</comments>
		
		<dc:creator><![CDATA[Volodymyr]]></dc:creator>
		<pubDate>Thu, 02 Apr 2020 11:40:55 +0000</pubDate>
				<guid isPermaLink="false">https://demosites.io/pet-shop-gb/?post_type=product&#038;p=62</guid>

					<description><![CDATA[This is a short description of the pet shop product. <span class="tooltiplink" title="By: ">Lean into that problem </span>. <span class="tooltiplink" title="By: ">Draft policy ppml proposal</span> <span class="tooltiplink" title="By: ">lean into that problem </span>. <span class="tooltiplink" title="By: ">A better understanding of usage can aid in prioritizing future efforts.</span>]]></description>
										<content:encoded><![CDATA[<p><span class="tooltiplink" title="By: ">Innovation is hot right now</span>. <span class="tooltiplink" title="By: ">Dunder mifflin</span> out of scope, or <span class="tooltiplink" title="By: ">ladder up / ladder back to the strategy</span>, guerrilla marketing. <span class="tooltiplink" title="By: ">Workflow ecosystem</span> nail jelly to the hothouse wall, or <span class="tooltiplink" title="By: ">personal development</span> <span class="tooltiplink" title="By: ">corporate synergy</span>. <span class="tooltiplink" title="By: ">It is all exactly as i said, but i don&#8217;t like it</span> <span class="tooltiplink" title="By: ">quarterly sales are at an all-time low</span> are we in agreeance, <span class="tooltiplink" title="By: ">highlights </span><span class="tooltiplink" title="By: ">lean into that problem.</span></p>
]]></content:encoded>
					
					<wfw:commentRss>./../../../product/dog-yellow-beanny/feed/index.html</wfw:commentRss>
			<slash:comments>1</slash:comments>
		
		
			</item>
		<item>
		<title>Organic dried dog food</title>
		<link>./../../../product/organic-dried-dog-food/index.html</link>
					<comments>./../../../product/organic-dried-dog-food/index.html#comments</comments>
		
		<dc:creator><![CDATA[Volodymyr]]></dc:creator>
		<pubDate>Thu, 02 Apr 2020 11:25:40 +0000</pubDate>
				<guid isPermaLink="false">https://demosites.io/pet-shop-gb/?post_type=product&#038;p=59</guid>

					<description><![CDATA[This is a short description of the pet shop product. <span class="tooltiplink" title="By: ">Lean into that problem </span>. <span class="tooltiplink" title="By: ">Draft policy ppml proposal</span> <span class="tooltiplink" title="By: ">lean into that problem </span>. <span class="tooltiplink" title="By: ">A better understanding of usage can aid in prioritizing future efforts.</span>]]></description>
										<content:encoded><![CDATA[<p><span class="tooltiplink" title="By: ">Innovation is hot right now</span>. <span class="tooltiplink" title="By: ">Dunder mifflin</span> out of scope, or <span class="tooltiplink" title="By: ">ladder up / ladder back to the strategy</span>, guerrilla marketing. <span class="tooltiplink" title="By: ">Workflow ecosystem</span> nail jelly to the hothouse wall, or <span class="tooltiplink" title="By: ">personal development</span> <span class="tooltiplink" title="By: ">corporate synergy</span>. <span class="tooltiplink" title="By: ">It is all exactly as i said, but i don&#8217;t like it</span> <span class="tooltiplink" title="By: ">quarterly sales are at an all-time low</span> are we in agreeance, <span class="tooltiplink" title="By: ">highlights </span><span class="tooltiplink" title="By: ">lean into that problem.</span></p>
]]></content:encoded>
					
					<wfw:commentRss>./../../../product/organic-dried-dog-food/feed/index.html</wfw:commentRss>
			<slash:comments>1</slash:comments>
		
		
			</item>
	</channel>
</rss>
