<?xml version="1.0" encoding="UTF-8"?><rss version="2.0"
	xmlns:content="http://purl.org/rss/1.0/modules/content/"
	xmlns:dc="http://purl.org/dc/elements/1.1/"
	xmlns:atom="http://www.w3.org/2005/Atom"
	xmlns:sy="http://purl.org/rss/1.0/modules/syndication/"
	
	>
<channel>
	<title>
	Commenti a: Banana Sweater	</title>
	<atom:link href="./index.html" rel="self" type="application/rss+xml" />
	<link>./../index.html</link>
	<description></description>
	<lastBuildDate>Mon, 20 Mar 2023 08:51:11 +0000</lastBuildDate>
	<sy:updatePeriod>
	hourly	</sy:updatePeriod>
	<sy:updateFrequency>
	1	</sy:updateFrequency>
	<generator>https://wordpress.org/?v=6.1.1</generator>
	<item>
		<title>
		Di: johnfraskos		</title>
		<link>./../index.html#comment-11</link>

		<dc:creator><![CDATA[johnfraskos]]></dc:creator>
		<pubDate>Thu, 02 Apr 2020 12:11:01 +0000</pubDate>
		<guid isPermaLink="false">https://demosites.io/pet-shop-gb/?post_type=product&#038;p=73#comment-11</guid>

					<description><![CDATA[Love it! shipping was fast.]]></description>
			<content:encoded><![CDATA[<p>Love it! shipping was fast.</p>
]]></content:encoded>
		
			</item>
	</channel>
</rss>
