<?xml version="1.0" encoding="UTF-8"?><rss version="2.0"
	xmlns:content="http://purl.org/rss/1.0/modules/content/"
	xmlns:dc="http://purl.org/dc/elements/1.1/"
	xmlns:atom="http://www.w3.org/2005/Atom"
	xmlns:sy="http://purl.org/rss/1.0/modules/syndication/"
	
	>
<channel>
	<title>
	Commenti a: White Puppy	</title>
	<atom:link href="./index.html" rel="self" type="application/rss+xml" />
	<link>./../index.html</link>
	<description></description>
	<lastBuildDate>Mon, 20 Mar 2023 08:51:11 +0000</lastBuildDate>
	<sy:updatePeriod>
	hourly	</sy:updatePeriod>
	<sy:updateFrequency>
	1	</sy:updateFrequency>
	<generator>https://wordpress.org/?v=6.1.1</generator>
	<item>
		<title>
		Di: johnfraskos		</title>
		<link>./../index.html#comment-8</link>

		<dc:creator><![CDATA[johnfraskos]]></dc:creator>
		<pubDate>Thu, 02 Apr 2020 12:10:23 +0000</pubDate>
		<guid isPermaLink="false">https://demosites.io/pet-shop-gb/?post_type=product&#038;p=70#comment-8</guid>

					<description><![CDATA[I have purchased the same breed from the store, quite amazing]]></description>
			<content:encoded><![CDATA[<p>I have purchased the same breed from the store, quite amazing</p>
]]></content:encoded>
		
			</item>
	</channel>
</rss>
