<?xml version="1.0" encoding="UTF-8"?><rss version="2.0"
	xmlns:content="http://purl.org/rss/1.0/modules/content/"
	xmlns:wfw="http://wellformedweb.org/CommentAPI/"
	xmlns:dc="http://purl.org/dc/elements/1.1/"
	xmlns:atom="http://www.w3.org/2005/Atom"
	xmlns:sy="http://purl.org/rss/1.0/modules/syndication/"
	xmlns:slash="http://purl.org/rss/1.0/modules/slash/"
	>

<channel>
	<title>Pets &#8211; Woocommerce</title>
	<atom:link href="./index.html" rel="self" type="application/rss+xml" />
	<link>./../../../index.html</link>
	<description></description>
	<lastBuildDate>Mon, 20 Mar 2023 08:51:11 +0000</lastBuildDate>
	<language>it-IT</language>
	<sy:updatePeriod>
	hourly	</sy:updatePeriod>
	<sy:updateFrequency>
	1	</sy:updateFrequency>
	<generator>https://wordpress.org/?v=6.1.1</generator>
	<item>
		<title>White Puppy</title>
		<link>./../../../product/white-puppy/index.html</link>
					<comments>./../../../product/white-puppy/index.html#comments</comments>
		
		<dc:creator><![CDATA[Volodymyr]]></dc:creator>
		<pubDate>Thu, 02 Apr 2020 12:02:53 +0000</pubDate>
				<guid isPermaLink="false">https://demosites.io/pet-shop-gb/?post_type=product&#038;p=70</guid>

					<description><![CDATA[This is a short description of the pet shop product. <span class="tooltiplink" title="By: ">Lean into that problem </span>. <span class="tooltiplink" title="By: ">Draft policy ppml proposal</span> <span class="tooltiplink" title="By: ">lean into that problem </span>. <span class="tooltiplink" title="By: ">A better understanding of usage can aid in prioritizing future efforts.</span>]]></description>
										<content:encoded><![CDATA[<p><span class="tooltiplink" title="By: ">Innovation is hot right now</span>. <span class="tooltiplink" title="By: ">Dunder mifflin</span> out of scope, or <span class="tooltiplink" title="By: ">ladder up / ladder back to the strategy</span>, guerrilla marketing. <span class="tooltiplink" title="By: ">Workflow ecosystem</span> nail jelly to the hothouse wall, or <span class="tooltiplink" title="By: ">personal development</span> <span class="tooltiplink" title="By: ">corporate synergy</span>. <span class="tooltiplink" title="By: ">It is all exactly as i said, but i don’t like it</span> <span class="tooltiplink" title="By: ">quarterly sales are at an all-time low</span> are we in agreeance, <span class="tooltiplink" title="By: ">highlights </span><span class="tooltiplink" title="By: ">lean into that problem.</span></p>
<h3>Characteristics</h3>
<p><span class="tooltiplink" title="By: ">Workflow ecosystem</span> nail jelly to the hothouse wall, or <span class="tooltiplink" title="By: ">personal development</span> <span class="tooltiplink" title="By: ">corporate synergy</span>. <span class="tooltiplink" title="By: ">It is all exactly as i said, but i don’t like it</span> <span class="tooltiplink" title="By: ">quarterly sales are at an all-time low</span> are we in agreeance, <span class="tooltiplink" title="By: ">highlights </span><span class="tooltiplink" title="By: ">lean into that problem.</span></p>
]]></content:encoded>
					
					<wfw:commentRss>./../../../product/white-puppy/feed/index.html</wfw:commentRss>
			<slash:comments>1</slash:comments>
		
		
			</item>
		<item>
		<title>Amazon Parrot</title>
		<link>./../../../product/amazon-parrot/index.html</link>
					<comments>./../../../product/amazon-parrot/index.html#comments</comments>
		
		<dc:creator><![CDATA[Volodymyr]]></dc:creator>
		<pubDate>Thu, 02 Apr 2020 11:53:56 +0000</pubDate>
				<guid isPermaLink="false">https://demosites.io/pet-shop-gb/?post_type=product&#038;p=68</guid>

					<description><![CDATA[This is a short description of the pet shop product. <span class="tooltiplink" title="By: ">Lean into that problem </span>. <span class="tooltiplink" title="By: ">Draft policy ppml proposal</span> <span class="tooltiplink" title="By: ">lean into that problem </span>. <span class="tooltiplink" title="By: ">A better understanding of usage can aid in prioritizing future efforts.</span>]]></description>
										<content:encoded><![CDATA[<p><span class="tooltiplink" title="By: ">Innovation is hot right now</span>. <span class="tooltiplink" title="By: ">Dunder mifflin</span> out of scope, or <span class="tooltiplink" title="By: ">ladder up / ladder back to the strategy</span>, guerrilla marketing. <span class="tooltiplink" title="By: ">Workflow ecosystem</span> nail jelly to the hothouse wall, or <span class="tooltiplink" title="By: ">personal development</span> <span class="tooltiplink" title="By: ">corporate synergy</span>. <span class="tooltiplink" title="By: ">It is all exactly as i said, but i don’t like it</span> <span class="tooltiplink" title="By: ">quarterly sales are at an all-time low</span> are we in agreeance, <span class="tooltiplink" title="By: ">highlights </span><span class="tooltiplink" title="By: ">lean into that problem.</span></p>
<h3>Characteristics</h3>
<p><span class="tooltiplink" title="By: ">Workflow ecosystem</span> nail jelly to the hothouse wall, or <span class="tooltiplink" title="By: ">personal development</span> <span class="tooltiplink" title="By: ">corporate synergy</span>. <span class="tooltiplink" title="By: ">It is all exactly as i said, but i don’t like it</span> <span class="tooltiplink" title="By: ">quarterly sales are at an all-time low</span> are we in agreeance, <span class="tooltiplink" title="By: ">highlights </span><span class="tooltiplink" title="By: ">lean into that problem.</span></p>
]]></content:encoded>
					
					<wfw:commentRss>./../../../product/amazon-parrot/feed/index.html</wfw:commentRss>
			<slash:comments>1</slash:comments>
		
		
			</item>
		<item>
		<title>Exotic Parrot</title>
		<link>./../../../product/exotic-parrot/index.html</link>
					<comments>./../../../product/exotic-parrot/index.html#comments</comments>
		
		<dc:creator><![CDATA[Volodymyr]]></dc:creator>
		<pubDate>Thu, 02 Apr 2020 11:50:50 +0000</pubDate>
				<guid isPermaLink="false">https://demosites.io/pet-shop-gb/?post_type=product&#038;p=67</guid>

					<description><![CDATA[This is a short description of the pet shop product. <span class="tooltiplink" title="By: ">Lean into that problem </span>. <span class="tooltiplink" title="By: ">Draft policy ppml proposal</span> <span class="tooltiplink" title="By: ">lean into that problem </span>. <span class="tooltiplink" title="By: ">A better understanding of usage can aid in prioritizing future efforts.</span>]]></description>
										<content:encoded><![CDATA[<p><span class="tooltiplink" title="By: ">Innovation is hot right now</span>. <span class="tooltiplink" title="By: ">Dunder mifflin</span> out of scope, or <span class="tooltiplink" title="By: ">ladder up / ladder back to the strategy</span>, guerrilla marketing. <span class="tooltiplink" title="By: ">Workflow ecosystem</span> nail jelly to the hothouse wall, or <span class="tooltiplink" title="By: ">personal development</span> <span class="tooltiplink" title="By: ">corporate synergy</span>. <span class="tooltiplink" title="By: ">It is all exactly as i said, but i don’t like it</span> <span class="tooltiplink" title="By: ">quarterly sales are at an all-time low</span> are we in agreeance, <span class="tooltiplink" title="By: ">highlights </span><span class="tooltiplink" title="By: ">lean into that problem.</span></p>
<h3>Characteristics</h3>
<p><span class="tooltiplink" title="By: ">Workflow ecosystem</span> nail jelly to the hothouse wall, or <span class="tooltiplink" title="By: ">personal development</span> <span class="tooltiplink" title="By: ">corporate synergy</span>. <span class="tooltiplink" title="By: ">It is all exactly as i said, but i don’t like it</span> <span class="tooltiplink" title="By: ">quarterly sales are at an all-time low</span> are we in agreeance, <span class="tooltiplink" title="By: ">highlights </span><span class="tooltiplink" title="By: ">lean into that problem.</span></p>
]]></content:encoded>
					
					<wfw:commentRss>./../../../product/exotic-parrot/feed/index.html</wfw:commentRss>
			<slash:comments>1</slash:comments>
		
		
			</item>
	</channel>
</rss>
