<?xml version="1.0" encoding="UTF-8"?><rss version="2.0"
	xmlns:content="http://purl.org/rss/1.0/modules/content/"
	xmlns:dc="http://purl.org/dc/elements/1.1/"
	xmlns:atom="http://www.w3.org/2005/Atom"
	xmlns:sy="http://purl.org/rss/1.0/modules/syndication/"
	
	>
<channel>
	<title>
	Commenti per Woocommerce	</title>
	<atom:link href="./index.html" rel="self" type="application/rss+xml" />
	<link>./../../index.html</link>
	<description></description>
	<lastBuildDate>Mon, 20 Mar 2023 08:51:11 +0000</lastBuildDate>
	<sy:updatePeriod>
	hourly	</sy:updatePeriod>
	<sy:updateFrequency>
	1	</sy:updateFrequency>
	<generator>https://wordpress.org/?v=6.1.1</generator>
	<item>
		<title>
		Commenti su Ciao mondo! di Un commentatore di WordPress		</title>
		<link>./../../2023/03/20/ciao-mondo/index.html#comment-1</link>

		<dc:creator><![CDATA[Un commentatore di WordPress]]></dc:creator>
		<pubDate>Mon, 20 Mar 2023 08:34:57 +0000</pubDate>
		<guid isPermaLink="false">./../../index.html?p=1#comment-1</guid>

					<description><![CDATA[Ciao, questo è un commento.
Per iniziare a moderare, modificare ed eliminare commenti, vai alla schermata dei commenti nella bacheca.
Gli avatar di chi lascia un commento sono forniti da &lt;a href=&quot;https://it.gravatar.com/&quot;&gt;Gravatar&lt;/a&gt;.]]></description>
			<content:encoded><![CDATA[<p>Ciao, questo è un commento.<br />
Per iniziare a moderare, modificare ed eliminare commenti, vai alla schermata dei commenti nella bacheca.<br />
Gli avatar di chi lascia un commento sono forniti da <a href="https://it.gravatar.com/">Gravatar</a>.</p>
]]></content:encoded>
		
			</item>
		<item>
		<title>
		Commenti su Dog Yellow sweater di johnfraskos		</title>
		<link>./../../product/dog-yellow-sweater/index.html#comment-10</link>

		<dc:creator><![CDATA[johnfraskos]]></dc:creator>
		<pubDate>Thu, 02 Apr 2020 12:11:21 +0000</pubDate>
		<guid isPermaLink="false">https://demosites.io/pet-shop-gb/?post_type=product&#038;p=72#comment-10</guid>

					<description><![CDATA[My dog loves wearing it!]]></description>
			<content:encoded><![CDATA[<p>My dog loves wearing it!</p>
]]></content:encoded>
		
			</item>
		<item>
		<title>
		Commenti su Banana Sweater di johnfraskos		</title>
		<link>./../../product/banana-sweater/index.html#comment-11</link>

		<dc:creator><![CDATA[johnfraskos]]></dc:creator>
		<pubDate>Thu, 02 Apr 2020 12:11:01 +0000</pubDate>
		<guid isPermaLink="false">https://demosites.io/pet-shop-gb/?post_type=product&#038;p=73#comment-11</guid>

					<description><![CDATA[Love it! shipping was fast.]]></description>
			<content:encoded><![CDATA[<p>Love it! shipping was fast.</p>
]]></content:encoded>
		
			</item>
		<item>
		<title>
		Commenti su Cute little puppy sweater di johnfraskos		</title>
		<link>./../../product/cute-little-puppy-sweater/index.html#comment-9</link>

		<dc:creator><![CDATA[johnfraskos]]></dc:creator>
		<pubDate>Thu, 02 Apr 2020 12:10:39 +0000</pubDate>
		<guid isPermaLink="false">https://demosites.io/pet-shop-gb/?post_type=product&#038;p=71#comment-9</guid>

					<description><![CDATA[My puppy loves it]]></description>
			<content:encoded><![CDATA[<p>My puppy loves it</p>
]]></content:encoded>
		
			</item>
		<item>
		<title>
		Commenti su White Puppy di johnfraskos		</title>
		<link>./../../product/white-puppy/index.html#comment-8</link>

		<dc:creator><![CDATA[johnfraskos]]></dc:creator>
		<pubDate>Thu, 02 Apr 2020 12:10:23 +0000</pubDate>
		<guid isPermaLink="false">https://demosites.io/pet-shop-gb/?post_type=product&#038;p=70#comment-8</guid>

					<description><![CDATA[I have purchased the same breed from the store, quite amazing]]></description>
			<content:encoded><![CDATA[<p>I have purchased the same breed from the store, quite amazing</p>
]]></content:encoded>
		
			</item>
		<item>
		<title>
		Commenti su Exotic Parrot di johnfraskos		</title>
		<link>./../../product/exotic-parrot/index.html#comment-6</link>

		<dc:creator><![CDATA[johnfraskos]]></dc:creator>
		<pubDate>Thu, 02 Apr 2020 11:55:22 +0000</pubDate>
		<guid isPermaLink="false">https://demosites.io/pet-shop-gb/?post_type=product&#038;p=67#comment-6</guid>

					<description><![CDATA[Loved this little guy from the first moment.]]></description>
			<content:encoded><![CDATA[<p>Loved this little guy from the first moment.</p>
]]></content:encoded>
		
			</item>
		<item>
		<title>
		Commenti su Amazon Parrot di johnfraskos		</title>
		<link>./../../product/amazon-parrot/index.html#comment-7</link>

		<dc:creator><![CDATA[johnfraskos]]></dc:creator>
		<pubDate>Thu, 02 Apr 2020 11:55:01 +0000</pubDate>
		<guid isPermaLink="false">https://demosites.io/pet-shop-gb/?post_type=product&#038;p=68#comment-7</guid>

					<description><![CDATA[Amazing! This parrot speaks!]]></description>
			<content:encoded><![CDATA[<p>Amazing! This parrot speaks!</p>
]]></content:encoded>
		
			</item>
		<item>
		<title>
		Commenti su Organic pet matress di johnfraskos		</title>
		<link>./../../product/organic-pet-matress/index.html#comment-5</link>

		<dc:creator><![CDATA[johnfraskos]]></dc:creator>
		<pubDate>Thu, 02 Apr 2020 11:44:23 +0000</pubDate>
		<guid isPermaLink="false">https://demosites.io/pet-shop-gb/?post_type=product&#038;p=63#comment-5</guid>

					<description><![CDATA[Very durable, love this. Shipping was great too.]]></description>
			<content:encoded><![CDATA[<p>Very durable, love this. Shipping was great too.</p>
]]></content:encoded>
		
			</item>
		<item>
		<title>
		Commenti su Organic pet matress di johnfraskos		</title>
		<link>./../../product/organic-pet-matress/index.html#comment-4</link>

		<dc:creator><![CDATA[johnfraskos]]></dc:creator>
		<pubDate>Thu, 02 Apr 2020 11:44:00 +0000</pubDate>
		<guid isPermaLink="false">https://demosites.io/pet-shop-gb/?post_type=product&#038;p=63#comment-4</guid>

					<description><![CDATA[Exceptional product. Love it, and my dog loves sleeping on it!]]></description>
			<content:encoded><![CDATA[<p>Exceptional product. Love it, and my dog loves sleeping on it!</p>
]]></content:encoded>
		
			</item>
		<item>
		<title>
		Commenti su Dog Yellow Beanny di johnfraskos		</title>
		<link>./../../product/dog-yellow-beanny/index.html#comment-3</link>

		<dc:creator><![CDATA[johnfraskos]]></dc:creator>
		<pubDate>Thu, 02 Apr 2020 11:41:36 +0000</pubDate>
		<guid isPermaLink="false">https://demosites.io/pet-shop-gb/?post_type=product&#038;p=62#comment-3</guid>

					<description><![CDATA[Very durable beanny, my pet loves it. Lean into that problem . Draft policy ppml proposal lean into that problem . A better understanding of usage can aid in prioritizing future efforts.]]></description>
			<content:encoded><![CDATA[<p>Very durable beanny, my pet loves it. Lean into that problem . Draft policy ppml proposal lean into that problem . A better understanding of usage can aid in prioritizing future efforts.</p>
]]></content:encoded>
		
			</item>
	</channel>
</rss>
